da.mechanic@outlook.com,2026-08-15T16:09:29.400Z,<5b31f820-4091-f5ec-bb02-3aade7fc3bdc@gmail.com>
support@mobilemastermechanic.com,2026-08-15T16:10:16.000Z,<83d2b4cb-a776-a739-e53b-b03fa22dd01e@gmail.com>
contact@elitemobileservice.com,2026-08-16T08:46:23.873Z,<f407865f-da0c-e53d-ef02-6613cdec5a4a@gmail.com>
inquiries@guerreromobilemechanics.com,2026-08-16T08:47:10.257Z,<10bbcc7e-f857-73d6-8415-a96b06d4cfbf@gmail.com>
jonpinhorn.typedesign@gmail.com,2026-08-16T08:47:56.316Z,<c1407ed1-3a3f-9655-6d49-63cf827bc78c@gmail.com>
mobilemechanic2018@outlook.com,2026-08-16T08:48:42.760Z,<d5cfb0f1-a2b6-90c8-195e-d16d43e5f6e3@gmail.com>
general@sanantonioplumbing.co,2026-08-16T08:49:28.790Z,<6d83f0e1-6efb-e0da-2287-d3c711d1ee00@gmail.com>
info@alamoroofing.com,2026-08-16T08:50:14.939Z,<3a943b78-2082-a2e3-bbfe-aa0415b1925c@gmail.com>
reroof@wbroofing.com,2026-08-16T08:51:01.158Z,<2466e071-eeda-0f73-64f5-0e562cfaf7dd@gmail.com>
larry@kapsrc.com,2026-08-16T08:51:47.543Z,<bbeb907f-67ce-cc79-c33d-7426bcb12f6b@gmail.com>
contact@roofpitch.net,2026-08-16T08:52:34.009Z,<33ba4fd2-c0be-0029-b9bc-14ce6a9f3f52@gmail.com>
support@freshlawn.com,2026-08-16T08:53:19.984Z,<a4b7174e-d573-516a-27ed-ca65ac002c47@gmail.com>
info@thickgreenhealthy.com,2026-08-16T08:54:06.161Z,<b903211b-8c69-b284-aeb9-329c05fef561@gmail.com>
alamomowing@gmail.com,2026-08-16T08:54:52.403Z,<8a7e2de2-806c-4dad-c9d6-63e68f1e7fbd@gmail.com>
contact@landscapingbbs.com,2026-08-16T08:55:38.640Z,<dc06c886-fdb2-32a1-91ed-318984f3cfc1@gmail.com>
info@that1painter.com,2026-08-16T08:56:24.954Z,<285242c6-cb33-4593-1afe-034e3b20b765@gmail.com>
contact@satxpainters.com,2026-08-16T08:57:11.322Z,<60f88e4e-7f8d-3259-0aef-0a2cfd369fd6@gmail.com>
contact@painterssanantoniotx.com,2026-08-16T08:57:57.567Z,<d728077b-0a08-b708-ab7f-f8670247a851@gmail.com>
hello@fogdigitalmarketing.com,2026-08-16T08:58:43.888Z,<43a1a303-1f6a-19a9-05ea-0cb805bf7103@gmail.com>
your@email.com,2026-08-16T08:59:29.931Z,<1171d130-4c2f-0f5c-126f-a98ffe300bf9@gmail.com>
