da.mechanic@outlook.com,2026-08-12T00:54:29.265Z,<ba491274-a147-89cd-95d8-6c8c7bc447df@gmail.com>
support@mobilemastermechanic.com,2026-08-12T00:55:16.375Z,<47019595-261d-516b-cf8e-91fad99722af@gmail.com>
contact@elitemobileservice.com,2026-08-15T16:34:04.839Z,<b5d5421a-f3b3-b4b6-6424-f8345d564668@gmail.com>
inquiries@guerreromobilemechanics.com,2026-08-15T16:34:51.516Z,<a61b34e3-5caf-affd-be29-8913c1eebb38@gmail.com>
jonpinhorn.typedesign@gmail.com,2026-08-15T16:35:37.708Z,<d43ad477-8252-bbca-c042-9bba4675e71a@gmail.com>
mobilemechanic2018@outlook.com,2026-08-15T16:36:23.986Z,<5adfc7d3-4a9a-5840-f2c7-8b27de8e2ac6@gmail.com>
general@sanantonioplumbing.co,2026-08-15T16:37:12.389Z,<146abb2f-0c85-8f28-5683-ed326ed56b8b@gmail.com>
info@alamoroofing.com,2026-08-15T16:37:58.680Z,<89e37642-0a95-a628-5408-63f5099034cd@gmail.com>
reroof@wbroofing.com,2026-08-15T16:38:45.079Z,<552f26e8-6d04-8987-85f6-15277d3cfcab@gmail.com>
larry@kapsrc.com,2026-08-15T16:39:31.598Z,<d3eefbfb-1103-2959-00d6-15a6c1e5d99c@gmail.com>
contact@roofpitch.net,2026-08-15T16:40:17.979Z,<b58c7b25-9abc-2e18-7b54-99c8c54b96a9@gmail.com>
support@freshlawn.com,2026-08-15T16:41:04.585Z,<76cacd30-0167-d332-3d90-f5da1fbfd652@gmail.com>
info@thickgreenhealthy.com,2026-08-15T16:41:50.867Z,<42458f7a-8093-b9f2-0553-5c9c2936df11@gmail.com>
alamomowing@gmail.com,2026-08-15T16:42:37.148Z,<b95ecb70-ea7b-f0bc-7883-48c846e3aee4@gmail.com>
contact@landscapingbbs.com,2026-08-15T16:43:23.372Z,<60b518d2-4f56-b068-267b-fc3d579b6746@gmail.com>
info@that1painter.com,2026-08-15T17:02:45.442Z,<77b667d0-c340-e2ec-f26e-4b1398c99ac9@gmail.com>
contact@satxpainters.com,2026-08-15T17:03:17.370Z,<a5cd2f44-fd42-364a-539e-c933ed186dea@gmail.com>
contact@painterssanantoniotx.com,2026-08-15T17:03:48.821Z,<6c7a07db-837e-aa96-cc8a-8491861634aa@gmail.com>
hello@fogdigitalmarketing.com,2026-08-15T17:04:20.193Z,<e41926e2-b52c-c097-5e33-b61df798f670@gmail.com>
your@email.com,2026-08-15T17:04:51.280Z,<6126e660-51e3-e87b-83b0-648459edffeb@gmail.com>
troy@allgoodelectric.com,2026-08-15T17:05:22.331Z,<22cfbdac-d0d7-f54c-be03-a900d5193077@gmail.com>
soardefenders@gmail.com,2026-08-15T17:05:53.563Z,<8e40a925-d3a8-c02d-9cfe-d2294ec98d39@gmail.com>
info@handymanhub.com,2026-08-15T17:06:24.920Z,<048a0409-c2de-cb18-b7bb-4535c6a11e17@gmail.com>
percival@sirhandymanservices.com,2026-08-15T17:06:56.379Z,<ab8f0556-2b34-d8e8-0b7e-2de0e32e4f35@gmail.com>
samuelshandymanservice@gmail.com,2026-08-15T17:07:27.451Z,<626465e3-bf91-0c77-4ec9-25a011fd757b@gmail.com>
seanjameshandyman@gmail.com,2026-08-15T17:07:59.134Z,<504dcadb-62e4-d49f-b52b-c9fe60a8ae3b@gmail.com>
service@getspruce.com,2026-08-15T17:08:31.087Z,<8575f1e8-910b-dcd6-d6c9-9ff5eebb3754@gmail.com>
emailus@mylupeshousecleaning.co,2026-08-15T17:09:02.442Z,<2b6aced1-41ae-5091-e49a-d3355f293bbf@gmail.com>
info@maidsonamissionus.com,2026-08-15T17:09:33.865Z,<873f8a4d-69f3-4e83-ece2-3af4332c1bbd@gmail.com>
support@hellamaid.com,2026-08-15T17:10:05.110Z,<981549dd-9afc-1790-c781-358dc4d55c82@gmail.com>
kobe.martinez@sanantoniopressurewashing.com,2026-08-15T17:10:36.368Z,<488a770d-b840-1a9b-d266-24fd3ca45547@gmail.com>
210pressurewashing@gmail.com,2026-08-15T17:11:07.492Z,<7f6cd6be-abc4-cd2a-929c-691ed99a06df@gmail.com>
sales@supremepowerwash.com,2026-08-15T17:11:38.613Z,<afc9fa88-a124-c823-b0e7-85b10890d6fc@gmail.com>
bill@texaspureclean.com,2026-08-15T17:12:09.661Z,<e5570458-9167-a861-bb06-c1a5054bf66b@gmail.com>
hello@sahomepros.com,2026-08-15T17:12:41.205Z,<7a382ad4-cda7-cc59-d711-6ebe467ac6f3@gmail.com>
cleanbins@texasscrubhub.com,2026-08-15T17:13:12.465Z,<af7c658c-31eb-c841-e838-f89d8b0b5859@gmail.com>
info@torrespressurewashing.com,2026-08-16T08:38:34.593Z,<3d065cc1-c328-9bd3-2fe6-66883be247e7@gmail.com>
frank.ruiz@gofilta.com,2026-08-16T08:39:05.924Z,<dcd14b1a-26fd-3f98-1c3c-3381e871c4d9@gmail.com>
maxcraftdetailing@gmail.com,2026-08-16T08:39:37.647Z,<28200ba0-d1c5-97ea-493e-8bd94373b3b0@gmail.com>
amber@thedetailcode.com,2026-08-16T08:40:08.777Z,<4ca89bdc-3abf-6133-b564-e5a27935300d@gmail.com>
customerservice@freshstartdetailers.com,2026-08-16T08:40:40.193Z,<8a2e6213-27eb-f5b4-a2f3-e9b3d74da245@gmail.com>
alamoautoaesthetics@gmail.com,2026-08-16T08:41:11.239Z,<c88f0dd3-80e5-1c5a-7e50-57325e43f96d@gmail.com>
info@craneautodetailing.com,2026-08-16T08:41:42.469Z,<1b078643-4f99-87dd-c099-48514fa2f43c@gmail.com>
rromerojr1@gmail.com,2026-08-16T08:42:13.804Z,<112adf29-3f1b-8ffb-8130-335269abb9f9@gmail.com>
customerservice@acaciasplumbing.com,2026-08-16T08:42:44.823Z,<6befd754-7013-b9d5-8a8d-b85f3d3d2815@gmail.com>
peanutplumbing@gmail.com,2026-08-16T08:43:15.927Z,<87aa3e7a-38e7-e694-213f-190ed03fec04@gmail.com>
wendyslove@gmail.com,2026-08-16T08:43:47.351Z,<e4c46ef8-b2dc-1e86-f95f-1be46d2cf88e@gmail.com>
ybarra-@photo.jay,2026-08-16T08:44:18.294Z,<d2737f89-22ad-bc52-2539-e178024b033e@gmail.com>
christian@adeptplumbing.com,2026-08-16T08:44:49.359Z,<0540d068-1502-ada2-cf0b-3f06abc7f523@gmail.com>
service@austinplumbing.com,2026-08-16T08:45:20.969Z,<e81f646a-c131-5bf3-ed63-b1dc767e1641@gmail.com>
hello@homeservicespros.com,2026-08-16T08:45:52.163Z,<82f17205-9497-6468-8c73-87fb34481078@gmail.com>
